<?xml version='1.0' encoding='UTF-8'?>
<!DOCTYPE hibernate-configuration PUBLIC
          "-//Hibernate/Hibernate Configuration DTD 3.0//EN"
          "http://www.hibernate.org/dtd/hibernate-configuration-3.0.dtd">
<!-- Generated by MyEclipse Hibernate Tools.                   -->
<hibernate-configuration>
	<session-factory>
		<property name="show_sql">true</property>
		<property name="myeclipse.connection.profile">bookshop</property>
		<property name="connection.url">
			jdbc:mysql://localhost:3306/bookshop
		</property>
		<property name="connection.username">root</property>
		<property name="connection.password">123456</property>
		<property name="connection.driver_class">
			com.mysql.jdbc.Driver
		</property>
		<property name="dialect">
			org.hibernate.dialect.MySQLDialect
		</property>
		<mapping resource="com/hibtest1/entity/Users.hbm.xml" />
	</session-factory>
</hibernate-configuration>
